{
  "blockNumber": 10247724,
  "averageBlockTime": 13.11744,
  "blkDiv": 9.365709966216226,
  "blkStack": [
  ],
  "fate": {
    "sexFate": 5
  }
}