{
  "blockNumber": 10239719,
  "averageBlockTime": 13.1645,
  "blkDiv": 9.509724985673353,
  "blkStack": [
    3.8354999999999997,
    9.1644,
    3.8354599999999994,
    9.1645,
    8.16474,
    1.1645400000000006,
    32.83518,
    12.16406,
    1.1641399999999997,
    11.16362,
    0.8363800000000001,
    5.16372,
    5.16384,
    6.163740000000001,
    13.83636,
    1.1631400000000003,
    14.83682,
    16.83736,
    25.837699999999998,
    4.16216,
    12.16246,
    2.8370999999999995,
    10.16254,
    9.16374,
    2.1637000000000004,
    4.163500000000001,
    11.16342,
    8.16382,
    10.16376,
    11.16372,
    0.8361000000000001,
    11.1637,
    7.836180000000001,
    7.16352,
    9.16348,
    0.16367999999999938,
    6.83652,
    18.836840000000002,
    1.1629400000000008,
    7.16296,
    20.83692,
    9.16254,
    10.8373,
    1.8377599999999994,
    2.162140000000001,
    11.16218,
    8.16216,
    4.16208,
    4.162140000000001,
    27.83788,
    2.1615400000000005,
    3.1619200000000003,
    5.161759999999999,
    12.1617,
    30.838279999999997,
    18.839199999999998,
    16.83976,
    12.83998,
    11.15952,
    11.8402,
    11.15952,
    20.84026,
    10.15974,
    1.8397400000000008,
    14.83998,
    52.84016,
    0.15862000000000087,
    4.1587,
    0.8414199999999994,
    1.1583199999999998,
    12.15846,
    23.84126,
    10.15818,
    6.158379999999999,
    17.8415,
    4.15822,
    5.158200000000001,
    12.15814,
    11.15882,
    8.15942,
    2.159700000000001,
    9.15954,
    5.159660000000001,
    4.15972,
    12.1599,
    8.15994,
    10.15958,
    7.159599999999999,
    9.15966,
    1.8402399999999997,
    7.1594999999999995,
    17.84054,
    4.15906,
    12.15928,
    41.84062,
    1.1583400000000008,
    2.1591400000000007,
    11.1595,
    5.159840000000001,
    9.15978,
    3.159840000000001,
    4.159739999999999,
    6.84042,
    7.8406,
    11.1592,
    9.15926,
    4.159660000000001,
    6.159940000000001,
    12.15996,
    12.16004,
    6.158939999999999,
    12.15884,
    4.15888,
    7.159179999999999,
    8.15858,
    1.8414199999999994,
    7.1584,
    12.15832,
    2.1584000000000003,
    6.842180000000001,
    5.157579999999999,
    10.15752,
    12.15748,
    14.84214,
    5.842639999999999,
    10.15748,
    11.15762,
    24.84216,
    8.84224,
    9.15764,
    8.15778,
    12.842,
    0.8424999999999994,
    33.84216,
    0.15695999999999977,
    8.1569,
    12.1572,
    10.15722,
    2.8426799999999997,
    61.84294,
    1.1555999999999997,
    3.84412,
    10.15596,
    2.843959999999999,
    12.15642,
    1.84314,
    32.8438,
    7.15546,
    9.15538,
    3.8446,
    8.15554,
    6.1555,
    7.1554,
    12.15646,
    8.15652,
    0.8435400000000008,
    12.15628,
    12.15626,
    6.84374,
    4.15756,
    9.1574,
    15.84262,
    0.84314,
    4.15718,
    4.15732,
    7.157439999999999,
    0.8425200000000004,
    8.8425,
    6.84276,
    10.157,
    9.15702,
    5.15752,
    6.1576,
    17.84234,
    12.15736,
    9.15768,
    24.8422,
    0.15712000000000081,
    12.15702,
    12.15716,
    0.8426799999999997,
    9.15724,
    3.8418399999999995,
    5.8421,
    10.1576,
    10.15774,
    12.15764,
    8.15794,
    53.84136,
    4.15734,
    4.158239999999999,
    12.1581,
    1.1580999999999992,
    4.157920000000001,
    8.15776,
    6.157780000000001,
    11.1577,
    12.1577,
    4.15774,
    9.15796,
    6.8418600000000005,
    10.1573,
    7.15734,
    41.84266,
    6.156280000000001,
    4.15616,
    15.8439,
    8.844,
    9.15548,
    6.844060000000001,
    2.8441399999999994,
    6.155939999999999,
    2.15602,
    6.84412,
    8.15578,
    10.15572,
    10.15564,
    10.15584,
    11.15608,
    31.84384,
    25.84456,
    0.8453199999999992,
    1.1546000000000003,
    1.1547,
    10.1547,
    6.1547,
    9.1547,
    18.84538,
    7.153919999999999,
    0.8460999999999999,
    8.84608,
    7.15354,
    1.84652,
    1.8465799999999994,
    12.1533,
    2.153320000000001,
    10.15332,
    10.15396,
    6.8457799999999995,
    14.84526,
    1.84572,
    9.8456,
    6.84592,
    4.154579999999999,
    2.1547199999999993,
    12.15458,
    15.8452,
    12.15478,
    5.8452,
    46.845259999999996,
    9.15476,
    11.15536,
    0.8493999999999993,
    6.1530000000000005,
    58.8476,
    9.1464,
    4.8538,
    0.14620000000000033,
    3.146000000000001,
    12.1455,
    11.1471,
    5.1507000000000005,
    9.1502,
    1.1547,
    10.1538,
    31.8461,
    9.8479,
    9.1538,
    11.1547,
    8.1553,
    2.8432999999999993,
    11.1562,
    11.1568,
    12.1589,
    12.1645,
    5.8337,
    1.1656999999999993,
    6.165900000000001,
    4.1654,
    5.1683,
    3.8320000000000007,
    6.833399999999999,
    11.1647,
    4.1661,
    11.1655,
    6.168799999999999,
    9.8284,
    3.8297000000000008,
    6.829700000000001,
    20.8295,
    2.1698000000000004,
    11.1693,
    8.1692,
    11.1706,
    6.1709,
    7.1716999999999995,
    5.1716,
    11.1717,
    17.8262,
    16.8209,
    6.1766000000000005,
    13.8235,
    6.1744,
    1.8259000000000007,
    1.1742000000000008,
    11.1735,
    10.178,
    5.1789000000000005,
    4.8224,
    3.821300000000001,
    0.8213000000000008,
    1.1775000000000002,
    15.8226,
    6.1747,
    8.1764,
    8.1767,
    10.8226,
    52.8243,
    9.8292,
    19.830199999999998,
    12.1675,
    3.831899999999999,
    2.8331,
    8.1666,
    7.831200000000001,
    11.168,
    10.1684,
    19.828200000000002,
    4.1708,
    2.8293,
    10.1693,
    0.8252000000000006,
    1.1739999999999995,
    19.825699999999998,
    3.8283000000000005,
    9.1745,
    7.825100000000001,
    14.8262,
    7.172499999999999,
    6.1867,
    2.8130000000000006,
    11.1872,
    5.188700000000001,
    12.1883,
    10.1885,
    9.1885,
    11.1884,
    9.1893,
    5.1912
  ],
  "fate": {
    "sexFate": 5
  }
}