{
  "blockNumber": 9447380,
  "averageBlockTime": 13.1506,
  "blkDiv": 9.218251546391748,
  "blkStack": [
    0.8493999999999993,
    6.1530000000000005,
    58.8476,
    9.1464,
    4.8538,
    0.14620000000000033,
    3.146000000000001,
    12.1455,
    11.1471,
    5.1507000000000005,
    9.1502,
    1.1547,
    10.1538,
    31.8461,
    9.8479,
    9.1538,
    11.1547,
    8.1553,
    2.8432999999999993,
    11.1562,
    11.1568,
    12.1589,
    12.1645,
    5.8337,
    1.1656999999999993,
    6.165900000000001,
    4.1654,
    5.1683,
    3.8320000000000007,
    6.833399999999999,
    11.1647,
    4.1661,
    11.1655,
    6.168799999999999,
    9.8284,
    3.8297000000000008,
    6.829700000000001,
    20.8295,
    2.1698000000000004,
    11.1693,
    8.1692,
    11.1706,
    6.1709,
    7.1716999999999995,
    5.1716,
    11.1717,
    17.8262,
    16.8209,
    6.1766000000000005,
    13.8235,
    6.1744,
    1.8259000000000007,
    1.1742000000000008,
    11.1735,
    10.178,
    5.1789000000000005,
    4.8224,
    3.821300000000001,
    0.8213000000000008,
    1.1775000000000002,
    15.8226,
    6.1747,
    8.1764,
    8.1767,
    10.8226,
    52.8243,
    9.8292,
    19.830199999999998,
    12.1675,
    3.831899999999999,
    2.8331,
    8.1666,
    7.831200000000001,
    11.168,
    10.1684,
    19.828200000000002,
    4.1708,
    2.8293,
    10.1693,
    0.8252000000000006,
    1.1739999999999995,
    19.825699999999998,
    3.8283000000000005,
    9.1745,
    7.825100000000001,
    14.8262,
    7.172499999999999,
    6.1867,
    2.8130000000000006,
    11.1872,
    5.188700000000001,
    12.1883,
    10.1885,
    9.1885,
    11.1884,
    9.1893,
    5.1912
  ]
}